Exhibitor|Booth
12-D Toolbox Sales|S63408
A&S Machinery Co., Ltd.|N10018
A1A Software|F29067
Aarcomm Systems Inc|S81344
ABB|C32768
ABB Traction|S81407
Aberi Steel LLC|N10772
Accumulators, Inc.|SL80023
Aconda Industrial Carriers|D1343
ACRO Group s.r.o|S83955
Actia USA|N10534
Acumatica|N10409
Adria Power Systems|S64535
ADVANCE, A Terex Brand|C30314
Advanced Detection Systems|C30877
Aebi Schmidt Group|S62759
Aeromotive Services Inc|S63456
AES USA Corp|S80256
AFA Industries|S83544
Aggregate Systems Inc|C30187
Aggregates Equipment Inc (AEI)|C30983
Aggressive Hydraulics|S81245
AGI Envirotank|N11515
Agremote Systems Inc.|N11515
AGT Industrial|D1026
Ahvara Solutions|C22233
Air Comm Radio|N10431
Air-tow Trailers|S64523
Air-Weigh|N11676
Airesafe Intl/ Enginaire|S81340
AirPro Fan & Blower|C31903
Airstar America|S63121
Ajax Tool Works Inc|W41477
AKG of America Inc|S80242
AKGÜL KALIP MAKİNA SANAYİ VE TİCARET LİMİTED ŞİRKETİ|N10028
ALA Industries Limited|S84229
Alamo Group Inc.|W41901
Alamo Group Snow & Ice Team|W41901
ALFAGOMMA Spa|S83429
Alfagomma/Kuriyama|S83429
Algorithm Inc.|N13355
AlignOps|N11463
Alkon Corporation|S83941
Allegis Corporation|N10513
Allen Engineering Corporation|C20617
Allied Pedestal Boom Systems LLC|C31694
Allmand|S60023
ALLU USA Inc.|W42974
ALmix/Asphalt Equipment Company Inc|SV3119
Alro Steel & Plastics|N11472
Altec Industries Inc|F44042
Alucool Heat Transfer (Wuxi) Co., Ltd.|S83319
Aluexbeams|N12071
Aluma Systems by BrandSafway|N10627
AMA USA Inc|W41550
AMC|S81614
AMCAST|C32756
AMCS technologies|F41011
American Concrete Pavement Association|GL31011
American Eagle Manufacturing LLC|C32462
American Foundation for Suicide Prevention|GL10604
American Piledriving Equipment|D1449
American Road & Transportation Builders Association|GL80001
American Roller Group|C23001
AMETEK FARO|N12764
AMI Attachments Inc.|W44121
AMLOK/SITEMA|S84406
Ammann America Inc.|SV2467
Amphenol Sine Systems|S83940
Amrize|C20006
Amur Equipment Finance|N10067
ANA, Inc.|S64823
Anaconda USA|SV2330
Anderson UnderBridge|N12024
Anfield Sensors|S82913
Anhui Anrui I-Tech Engineering Machinery Co., Ltd.|C22837
Anhui Light Industries International Co., Ltd.|N10533
Anhui Ningguo Hantai New Materials Limited Company|S83418
Anhui Shenyu Hydraulic Technology Co., Ltd.|S83317
Anhui Zhimin Electric Technology Co., Ltd.|S83414
ANMOPyC|GL31214
Anni (Beijing) Special Rubber Co., Ltd.|S83849
Anping County Anpeng Wire Mesh Filter Equipment Co., Ltd.|C22204
Antraquip Corporation|C20205
AO Parts Inc.|S84040
AP Air, Inc.|S81346
API Heat Transfer|S80907
Apile Foundation Equipment Co., Ltd.|S63349
Applied Particle Technology|N13169
ArcelorMittal North America|N13001
ARCOPROFIL|C22137
Arctic Snow & Ice Products|N10550
Argonics Inc|C31686
ARI-HETRA|F27014
AROW Global Corp.|N12073
Arrow-Magnolia International|N12662
Arrowhead Winch|N12125
ASA Electronics LLC|N11245
ASA Hydraulik of America|S83541
ASAPP Info Global Services Pvt Ltd|GL31211
Ascenso Tires North America|N10419
Ascentium Capital|N10911
Ascorel|D1224
"ASGCO ""Complete Conveyor Solutions"""|C20418
Ashcroft Inc|S81255
Aspen Custom Trailers Inc.|P7327
Asphalt Drum Mixers Inc|C30932
Asphalt Drum Mixers, LLC|SV2067
Asphalt Marketers|C33072
Asphalt Pro Magazine|GL30901
Asphalt Zipper|SV2034
AssetWatch|N10240
Associated Wire Rope & Rigging|F27020
Association of Equipment Management Professionals|GL12594
Association of Equipment Manufacturers|SL69010
Association of Equipment Manufacturers|GL20100
Astec Industries, Inc.|C30236
Astec Industries, Inc.|SV2322
Aster Brands|P7226
Astrak LLC|N10313
At Your Disposal|S62512
Atlantic Fluid Tech SRL|S60903
Atlantic Logistics|N11267
ATOS North America, Inc|S81207
ATSS Foundation National Work Zone Memorial|GL31005
ATSSA (American Traffic Safety Svcs Assn)|GL31004
Attach2 Equipment|N12767
Attentive Inc.|N11950
Auburn Gear LLC|S82213
Auctiontime.com|W42944
Ausco Products, Inc.|S82101
Austin Hose|S84218
AUTEC North America|N11055
Auto Crane Company|S63159
Autocar, LLC|S61159
Autodesk Beer Garden|SV4000
Autodesk Inc|N10651
Autogem Invicta Ltd|S63442
Autonomous Solutions, Inc.|D1221
Avant Tecno USA|F16016
Avenir Fluid Tech (Jinan) Co., Ltd.|S83921
Awesome Earthmovers|WL14006
AXCS|F44082
Axiom Equipment Group|S63457
Axon Power & Control Ltd|C22233
AYA Inc.|W41461
AZETA Zeo Asioli Diffusion Srl|S83840
B&R Industrial Automation|S81407
B-Tek Scales|N10027
Bad Dog Tools|D1258
Bad Dog Tools|N12762
Badass Workbench|N10463
Badger Infrastructure Solutions|S64715
Bailey International|S84212
Balcrank Corporation|N11373
Ball Fabrics, Inc.|C22205
Bandit Industries Inc|P7439
Bando USA|C30893
Bar None Auction|P7139
Barbieri Rubber srl|S81352
Barrier Systems LLC|N11222
BAUER Equipment America|P8331
bauma 2028|GL10005
bauma China 2026|GL10005
bauma CONEXPO India|GL10005
Baumer|S82407
Bay Shore Systems Inc|P7351
Bay-Lynx Manufacturing|C22711
BCI EUROPE S.R.L.|C22132
Be-Ge Seating AB|N10326
Bear Iron Works|C30277
Beck Industrial|C31872
BEDIA Motorentechnik GmbH & Co KG|S82553
Bedrock Logistics, LLC|P7248
Bedrock Machinery|N12163
Bedrock Technologies LLC|F41001
Behnke Trailers|P8132
Beijing Tebeifu Electronic Technology Co., Ltd.|S80057
Bell Equipment North America, Inc|F44012
Belt Tech Industrial|C22518
Ben-Ya Industrial Co., Ltd.|S81644
Benetech, Inc|C30128
Benjamin Media|WL14010
Benshaw, Inc.|S82140
Bentley Systems Incorporated|N11509
Berco of America Inc|W40239
Bergkamp|C31864
Bergstrom Inc|S83421
Berminghammer Foundation Equipment|P8329
Best Hammer Industries|W42911
Bestomech Industries|C33092
BETEK|S64435
Betonblock LLC|C22311
Bid-Well A Terex Brand|C30314
Bidding Enterprise LLC|N11672
Big Ass Fans|N10024
Bigfoot Construction Equipment|F24054
Bigge Crane and Rigging Co|F41020
Binder+Co AG|C30281
Bissell Commercial/ Haaga Sweepers|P7145
BKT USA, Inc.|W43101
Black Cat Wear Parts|W41423
Blades Direct LLC|C22519
Blaw-Knox|SV2557
Blaze Equipment|P8233
Bloom Manufacturing LLC|N11011
Blue Vigil|N11757
Bluebeam|N10249
Bluelight Machines|F13040
Blumaq Corp|W41151
BMF Hydraulics Inc|S63545
Boden Hydraulics Co., Ltd.|S83313
BOMAG Americas|C30932
Bondioli & Pavesi Inc|S82116
Bonfiglioli North America|S80453
Boom Light|C32114
BOROX International AB|N12675
Bosch Rexroth Corporation/HydraForce, Inc|S80245
BossTek|N11115
Bostik Inc.|S63648
BotCrew|S63223
Box International|S81243
BrandSafway|N10627
Brandt Industries Canada Ltd.|S62557
Brandt Industries Inc.|F40070
Brennan Industries Inc|S81440
Brentwood Industries, Inc.|C30170
Bridgestone Americas|W41633
Brigade Electronics Inc|N12945
Briggs & Stratton LLC|S80207
BringFuel - AGRILAND FS|N13163
Broce Manufacturing Co., Inc.|C22019
Brokk Inc|P8448
BRON|P7345
Brookville Equipment Corporation|S63740
Bruce Engineering Services (NI) LTD.|C22233
Brunner & Lay|S64623
Brutus Truck Bodies / Next Hydraulics S.R.L.|F19026
BS Track|N13200
BT Light Towers|S63640
Bucher Hydraulics, Inc.|S83113
Buck Company|S63749
Buckingham Structural Moving Equipment|N11614
Buffalo Outdoors|C32897
Buffalo Turbine|C30976
Buffalo Wire Works Company Inc|C31458
Built Robotics|D1149
BulkSource|N11616
Bull Machines Pvt Ltd|N12109
Bullard|C32104
Bunting|C30887
Burchland Mfg|N10841
Burçelik|C33086
busybusy Time & Equipment Tracking|N10863
Butti|C30174
Böhringer Group|P8113
C&W DustTech|SV2032
C-I-T|W42315
C.E. Niehoff & Co.|S83221
C60|C32007
CAB (Cambria County Assn for the Blind and Handicapped)|S63438
Caco America LLC|C22005
CADshare|C22233
Calian Agriculture|N11515
Camera Security Trailers|N12069
Camozzi Automation|S81547
Can American Stone Spreader Manufacturing and Sales|W43269
CAN in Automation (CiA) e.V.|N10545
Canica|SV2357
Canimex Inc|S82452
Cano Consulting|N10774
Canycom USA Inc|W40245
Caplugs|N10200
Capps Van & Truck Rental|S64400
Caproni JSC|S83841
Car-Show Automotive Products (Tai-Shan) Co., Ltd.|N10331
Carbon Crusher|C22536
Cardinal Scale|N13007
Cargo Equipment Corp|N10300
Carhartt Company Gear|C31195
Carling Technologies Inc|S64822
Carlisle Brake and Friction|S82219
Carlson Software|D1159
CARMIX|C30114
Carraro Drive Tech Italia SpA|S81428
Casagrande USA Inc|P8213
Casappa Corporation|S83628
CASE Construction Equipment|W40701
Castrol Heavy Duty Lubricants|N10763
Catalyst Communications Network|WL14046
Caterpillar - Centennial World Tour|F70000
Caterpillar Inc|S80229
Caterpillar Inc|F29029
Caterpillar Inc.|W40416
Cattron|W42748
Cavotec|N10476
CC Blocking Systems|N13324
CDE|C30272
CDWare Technologies Inc.|N13167
CEAT Specialty Tires, Inc.|W41415
Cedarapids|SV2357
CEJN|S83320
Celon Machinery (Shanghai) Co., Ltd.|S60148
Cemco Inc Concrete Batch Plant|SV2329
Cemen Tech Inc|SV2002
Center Rock Inc|P8440
Centranz Parts and Manufacturing, Inc.|S80743
CentroMotion|S82219
CEP Group|W44312
Cervis, Inc.|N10945
CFMA|SL60023
CGR GHINASSI|C22129
CGR S.r.l.|S63409
Champion Equipment Co|P7129
Chandler Truck Accessories|S62135
Changsha Fowler Construction Material Co., Ltd.|C32996
Changsha Top-Auto Technology Co., Ltd.|S83416
Changsha Xiangcast Technology Co., Ltd.|C22304
Changzhou Beiante Power Machinery Co., Ltd.|N10221
Changzhou Better.agro Agricultural Machinery Co., Ltd.|N11640
Changzhou Jade Bearing Co., Ltd.|S83412
CHANGZHOU RAYMOND INTERNATIONAL TRADING CO.,LTD|C30060
Changzhou Rohn Hydraulic Sci-Tech Co., Ltd.|N10055
Changzhou Xiangze Hydraulic and Machinery Co., Ltd.|N13370
Changzhou Yulindingli Construction Machinery Co., Ltd.|N11677
Charles Taylor Safety Solutions|C22109
Charter Casting|N12725
CHC Navigation|N10641
CheckProof|N11214
Chemgrout Inc|SV3118
China Chamber of Commerce for Import & Export of Machinery & Electronic Products|GL10003
CHING YUANG ENTERPRISE CO.,LTD.|S63448
CICB|N11362
Cimline, Inc.|SV2071
CIT Relay & Switch|S83213
City Restore|N10535
CJC Painting Inc. dba RL Painting|C30164
Clampco|S81645
Clarience Technologies|S63513
Clean Burn Energy Systems|C30034
Clean Energy Heating Systems|S62516
Cleanfix North America Inc.|S80647
ClearSpan Fabric Structures International, Inc.|N10241
CloudRig|N11756
Clue Insights Inc.|N11444
CM Labs Simulations Inc.|N11839
CM srl|P7241
CMA, LLC|W42573
CMC|C32790
CMC North America|D1044
CMI Mulching inc.|P8313
CMI Roadbuilding Inc.|C32643
CMP Technology Co., Limited|S60156
CMS Cepcor|C32117
CN Hydraulics Parts|N10776
Coast|N10132
COBRA America LLC|C30866
Cojali USA, Inc.|N11208
Colli Drill - Colli Drill Pipe|S63409
Colli Equipment S.p.A.|S63409
Columbia Industrial Products|S82240
Columbus McKinnon Corporation|N12176
Combi Wear Parts AB|W42329
Combo Power Co., Ltd.|S63453
Comer Industries|S82229
Command Alkon|N12513
Common Ground Alliance|WL14020
Company Wrench Ltd.|D1140
Con-Tech Manufacturing Inc|C31886
Concentric AB|S83755
Concentric International|S63206
Concrete Products|GL30305
Conn-Weld Industries, LLC|C22904
Connect Work Tools|C31850
ConstructConnect|N10462
Construction & Demolition Recycling Association|GL12596
Construction Business Owner Magazine|WL14012
Construction Equipment|GL20803
Construction Equipment Guide|N12735
Continental Conveyor|C32075
Continental Hydraulics and Hydreco|S83142
Continental Mixers|C32762
Continental Tire|W42964
Conveyor Application Systems & Express Blower|C32732
Conveyor Components Company|P7235
ConveyorTek|C22233
Corfix|N10230
Coring Technologies Inc.|C32015
CORMACH S.r.l.|D1153
Cornell Forge|S81249
Cornell Pump Company|C32450
Corrrect-Ai|N11220
Costex Tractor Parts|W41162
Coxreels|S63220
CP Carbide, INC|N12853
Crafco, Inc.|C32750
Craig Manufacturing Ltd|W42668
Cranes 101|N10665
Cranesmart Systems Inc|N13250
CraneTrader/LiftsToday|F28061
Crescent Foundry Co. Pvt. Ltd.|N11372
CrewPlex LLC|N10408
CrewTracks|N11363
CRIBAS / CPM Global|C30873
Crisp Industries, LLC|C31566
Cross Country Manufacturing|S61850
Cross Manufacturing Inc|S81744
CrossControl AB|S82219
CSC Robotic Engineering Limited|N13134
Cuda Grit|N12867
Cummins Inc.|S80414
Curry Supply Company Inc|P7063
Curry Supply Company Inc|S61359
Curtiss-Wright|N12701
Custom Dredge Works Inc|W40145
Custom Products of Litchfield Inc|W41545
Cutting Edge Automotive Solutions|N10845
CVG|W41468
CZM Foundation Equipment|P8529
D-A Lubricant Company|N10351
DAEMO Engineering Co., Ltd.|C20458
Daimler Truck North America LLC|S61959
Dalian EastSource Enterprise Inc.|S83312
Dalton Bearing & Hydraulics LLC|S81646
Dam-It-Dams, Inc.|S64719
Daming Heavy Industry Co., Ltd.|C22618
Dana Incorporated|S80915
Danfoss Power Solutions, Inc|S80614
DatabaseUSA|N13256
DAVCO, a Clarience Technologies company|S63513
Dawson Construction Plant Ltd|P8441
Dazong Track Co., Ltd.|N12177
DCM-FAZ Manufacturing Inc.|S81356
De Haan Special Equipment BV|F41010
Deister Machine Company Inc|C30973
Delta PAG|S83141
Delta Power Company|S83729
Delta Services Corp.|C32014
Deltek ComputerEase|N10327
Deltrol Fluid Products|S81640
Demco|P8613
Demi Equipment|SV2052
Derrick Corporation|C20605
DESCH USA LP|S82029
Detroit Stoker Company|C22207
DEUTZ Corporation|S80628
DEVELON|F32054
DewEze Mfg|P7143
Dezhou Yuli Hydraulic Co., Ltd.|S83907
Diamond Blade Warehouse|C32543
Diamond Mowers|S64034
Diamond Speed Products|C22318
Diamond Z|SV2001
DICA|F42066
Diemme Filtration|C30998
Diesel Laptops|N10473
DIFCO Limited|C22233
Digga North America LLC|W42654
Digital Control Incorporated|S61430
Dinamic Oil North America|W44105
Dings Company Magnetic Group|C30942
Dipperfox USA/Abra Equipment Supply|P7571
DirtPrep Solutions|N11366
Discover Battery Corp.|S84307
DISTek Integration, Inc.|N11948
Ditch Witch|S60223
Dixon|SL80027
DLL|N12715
DLM SRL|C22234
DME and JDE Fluid Co., Ltd.|S83510
DNP Americas|S83152
DNP Americas|P7135
Document Crunch|N11952
Dodge Industrial, Inc.|C23005
Doepker Industries Ltd.|P7333
Doka USA Formwork & Scaffolding|P8411
Donaldson Company|N11763
Dongguan Blince Machinery & Electronics Co., Ltd.|S63745
Dongguan Sanhui Machinery Co., Ltd.|S84006
Doosan Bobcat North America, Inc.|W40745
Doosan Mottrol Co., Ltd.|S84328
Doran Manufacturing|N10662
Dougherty Forestry Mfg.|S64531
Douglas Manufacturing /Rulmeca|C32232
DOZCO (INDIA) PVT. LTD.|C20366
DPL Telematics|N10152
Dr. Shrink, Inc.|C22211
Dragan Technologies Inc.|N10567
Dragflow USA|N12877
Dragon Products|P7359
Drill King International|S64219
Drillers' Choice|P8740
Drillworx|S63418
DrilRite Chem LLC|S60144
Driver Industrial Safety|C30988
"DRKhorse | SAS Forks"|C32005
Dromone Engineering Limited|W41557
DSC Dredge, LLC|W42844
DSE|S82129
DSR International Corp|N10232
DURAPAC|N13244
Durex Products Inc|C32662
Dust Solutions Inc.|C31915
DY Concrete Pumps Inc.|SV2066
Dynamic Fluid Components|C32997
Dynapac|C30932
Dynaset Oy|F16015
Dynaset Oy|S63123
Dynatect Manufacturing, Inc.|N12062
Dyno Nobel Inc|C22631
Eagle Crusher Company Inc|C31414
Eagle Hydraulic Inc.|S83607
Eagle Iron Works|C30814
Eastern Metal Signs & Safety|C23000
Easy-Kleen Pressure Systems Ltd.|C30285
Eaton / Eaton Cummins Automated Transmission Technologies|S81029
Ebco|S81757
Eberspaecher Climate Control Systems|S82919
ECCO (Electronics Control Co), a Clarience Technologies company|S63513
EccoFab|C30984
ECHO Incorporated|S64907
Eckerle Technologies GmbH|S81553
Eclipse|N13174
Eclipse DOT Inc.|N10149
Ecosorb by OMI Industries|C22402
Ecoverse|C32774
Edge Innovate NI Ltd|SV2057
Edison Motors|S63353
EFCO Corp|P7251
Eijkelkamp North America|P7366
ELASTOHOSE|S84041
Element Six|C30173
Elevat, Inc|N13045
Elgi Compressors USA, INC|S64123
Elgin Sweeper Co|S60358
Elite Equipment|S61559
Elite Plastiform CFS|C22011
Elkhart Brass, a Clarience Technologies company|S63513
ELKON ELEVATOR KONVEYOR VE MAKINA SAN. TIC. A.S.|C22206
Ellicott Dredge Enterprises|C22319
Elliott Equipment Company|S60430
Elobau U.S, Inc.|S80406
EMDE Bohrtechnik Nentershausen GmbH|P8621
Emesent|N10714
Emiliana Serbatoi Srl|C22128
Emmegi Heat Exchangers Inc|S81957
EMP Parts Co., Ltd.|S83354
Empire Construction Supply|C31695
Encoder Products Company|N10426
Endura Paint|D1021
Energreen America|S64807
EnergyLogic|N10634
Enerpac|F42020
Engcon North America|F39004
Engelbert Strauss Inc.|D1441
Engineering Technology Services LLC|S81952
Enovation Controls|S81729
Enteco North America|P8732
Enviro-Port Inc.|C30936
Enviromotive Inc.|S82144
EODev|S64816
Epec|S82413
EPIROC|W41401
EQ Systems|S63638
Equipter|N13214
Erie Strayer Company|SV2331
Eriez|C23011
Erkin World Power|D1245
ERMONT|C30932
Erskine Attachments|N11073
ESD Waste2Water, Inc.|S64319
Eskridge|S63159
Essentra Components|S82041
ET Fusion|N11847
Etnyre International|C30859
ETP EUROPE TRACTOR PARTS|W41467
Euclid Chemical|C32043
European Industrial Products Inc|S82001
Euroricambi S.p.A.|S83255
Evans Equipment & Environmental|N10575
Everchen Corporation|N10145
Evercup Metals Co., Ltd|C22102
Everpads Inc|C30044
Evolution Wheel|W41655
Exact Control System a.s.|C32991
Excel Machinery Ltd|C30759
Excel Machinery Ltd|SV2018
Exmile Tire North America / Armadillo Tire LLC|W43566
Exodus Global LLC|C31850
EXPRESS 4X4 TRUCK RENTAL|N11972
EZ Scaffold|D1024
EZ STAK Inc.|P7231
EZ Street Company (The)|C22111
EZG Manufacturing|C22722
Fabco Power Inc|C22900
FABO GLOBAL TIC. LTD. STI.|C32986
FAE USA, Inc|S61551
Fairbanks Scales Inc.|D1218
FallTech|C22322
Famic Technologies Inc.|S81752
Fangyuan Group Co., Ltd.|C22001
Faresin Formwork S.p.A. Unipersonale|P7244
Faresin Industries SPA|F43081
Fascan International Inc|F40054
Fast Flow Pumps|C30159
Fast-Weigh|N10963
Faster Inc|S81729
Fayat Group|C30932
Faymonville Group|P7427
FBG srl Blend Plants|C31814
Fecon LLC|S60534
Federal Signal Environmental Solutions Group|S60358
Federation Fuels|N10674
Felco Industries|W43867
Felling Trailers, Inc.|P8250
Femac Srl|C22134
Femco USA Inc.|S82053
Fenner Dunlop Conveyor Belting|C32440
FES China Limited|P8730
FieldFlo|N12563
FILTREC SPA|C22133
Fiori Americas - Bell Trucks America, Inc|F16033
Firmatek|C30970
First Citizens Bank Equipment Finance|N12800
First Green Industries a.s.|D1331
Fisher Industries|C31558
Fleet Complete|N10626
Fleet Intelligence|N12467
Fleetguard|N12901
Fleetio|N11371
FleetWatcher|N11226
Flexco|C30914
Flexible Metal Inc|S84309
Flexxaire Inc.|S83357
Flodraulic / North American Hydraulics / EBI Motion Controls|S80653
Flores Automation & Machine Control (FAMC)|C31395
Flottweg Separation Technology, Inc.|C30070
Fluid Gear Products|S81652
Fluid Power Journal|SL80103
FluiDyne Fluid Power|S82557
FODS|N10309
FORCE America Inc|S82412
Ford Pro|S62523
ForgeFX Simulations|N10330
Fortop Industrial Co., Ltd.|S84315
Foshan Jiaqi Hydraulic Transmission Co., Ltd.|S83518
Foundation Software|N10341
FPT North America Inc|S82106
FRD.USA|C20657
FridayParts|W41479
Fronius USA|P7242
Frontier Precision Unmanned|N13025
FSG - Fernsteuergeraete Kurt Oelsch GmbH - FSG Sensors|S80043
FSX Equipment, Inc.|N10775
Fuelmaster/Syn-Tech Systems Inc|N10156
Fujian Lianjun Machinery Co., Ltd.|C22737
Fujian Minda Machinery Technology Co., Ltd.|N10676
Fujian Qunfeng Machinery Co., Ltd.|C32990
Fujian South Highway Machinery Co., Ltd.|C22523
Fujian Tietuo Machinery Co Ltd|P7229
Fujian Yanan Power Co., Ltd.|S63452
Fujian Yongsheng Machinery Parts Co., Ltd.|C22310
Fullbay|N10019
Fusable|GL20204
Futtec a.s.|C22303
Futtura Tools & Technology|N10630
FYREBX|N12925
Galaxy|D1361
Galaxy Air Lights|S63549
Ganzhou Bausde Machinery Co., Ltd.|S63345
Gauge|N12367
GBM Building Equipment|C22228
Gearflow|N11241
Geartek|S81656
Gebruder FREI GmbH & Co. KG|N13150
GEDA USA, LLC|D1446
Gefran, Inc.|S84021
Gehl|F42042
Geith International Ltd.|W44155
Gemels North America|S82256
Gencor Industries Inc|SV2557
Generac Power Systems Inc|S64635
General Kinematics|C31672
Genesis Attachments LLC|C20338
GENNER INDUSTRIES|S82146
GeoCue Corporation|N10430
Geoforce|N11477
Geophysical Survey Systems, Inc.|C30259
Geoprobe Systems®|P7967
GeoRocFor Accessories Inc|C31913
GeoShack|N12914
GeoSonics/Vibra-Tech|C30836
Geotab|N11308
Geroquip Inc/Magic Screed|C30008
Gessmann|S82456
Giatec Scientific Inc|C30134
Gigasense AB|N10669
Gilbert Products Inc|P7467
Gilson Company Inc|C30144
Gincor Werx|S61434
GivenHansco Inc|N11809
Global Attachments|N13268
Global Mining Review|WL13010
Global Track Warehouse|W43458
Global-Link MP Events International Inc.|GL31207
GlobalData PLC|SL60030
Globe Power USA|S60157
Globe Trailers Manufacturing Inc|P7459
GM Envolve|S63922
Golden Sun - 3C Products|C22103
Goldfarb & Associates Inc.|S82145
Goldhofer AG|F39020
Goldilox LLC|C22237
GOMACO Corporation|C30783
GOMACO Corporation|C30282
Goodyear Off-the-Road|W40167
Gorilla Guard|N13252
Gorman-Rupp Pumps|C20306
Graco Inc|C23018
Graco Inc. - Smith|P7238
Gradall|W41901
Grammer Inc|W42744
GRAVIS Robotics AG|D1010
Great Plains Industries Inc|S63652
GreatAmerica Financial Services|N12166
Green Climber N.A. & Raymo USA|S63713
GrinderCrusherScreen Inc.|C20348
GRIPEDGE Tools|N12070
Grizzly Coolers|D1118
Groeneveld-Beka|P8347
Ground Breakers Stage|WL11000
Groupe Alltech|N10973
GRT Rubber|C30972
GRYB International|F26055
GS Global Resources|S82009
Guangdong Ishino Technology Co., Ltd.|N13156
Guangdong Yaotai Filter Technology Co., Ltd.|N13175
Guangzhou Belparts Engineering Machinery Limited|S83618
Guangzhou C.Y. Machinery Parts Trading Co., Ltd.|S83519
Guangzhou Disong Machinery Co., Ltd.|S83516
Guangzhou Eagle Electronic Technology Co., Ltd.|N10143
Guangzhou Ether Automotive Lighting Limited|N10117
Guangzhou Forda Signal Co., Ltd.|C22630
Guangzhou Komai Filter Co., Ltd.|N10154
Guangzhou Kyotechs Machinery Co., Ltd.|S84317
Guangzhou Lebai Machinery Equipment Co., Ltd.|C33094
Guangzhou Star Mustang Construction Machinery Parts Co., Ltd.|S64711
Guangzhou Toksurvey Information Technology Co., Ltd.|N10014
Guangzhou Tonkee Machinery Equipment Co., Ltd.|S84055
Guangzhou Weiyi Machinery Equipment Co., Ltd.|S83513
Guangzhou Yiqiao Technology Group Co., Ltd.|S83915
Guangzhou YuBen Hydraulic Technology Co., Ltd.|S83919
Guardian Angel Devices|C30287
Guarnitec SRL|C22135
Gullco International|P8303
GW Systems|C30018
Gökdağ Plastik Kauçuk Anonim Şirketi|N13272
Haihui Environmental Protection Equipment Co., Ltd.|C33090
Hailstone Innovations Private Limited|P8105
Haimooo Electronic Controls Co., Ltd.|N10214
Hainar Hydraulics (Ningbo) Co., Ltd.|S82252
Halder / Picard|N10209
Hallite Seals|S82619
Haltec Corporation|N12340
Hammer & Steel Global, LLC|P7456
Hammonds Fuel Additives, Inc.|N13154
Handan Zhongye Machinery Manufacture Co., Ltd.|C20032
Hangzhou Aisoar Hydraulic Technology Co., Ltd.|S83953
Hangzhou Befa Machinery Co., Ltd.|C22634
Hangzhou Donray Koyou Auto-parts Manufacturing Co, Ltd.|S84416
Hangzhou Ruiwei Machinery Equipment Co., Ltd.|N10318
Hangzhou Shengchi Machinery Co., Ltd.|N12873
Hangzhou Shinelink Machinery Co., Ltd.|S83507
Hangzhou Topivot Trading Co., Ltd.|C22003
Hangzhou Truckmate Automotive Parts Co., Ltd.|S83913
Hannay Reels Inc|N12172
Hapn|N10231
Harp's Tarps|N10323
Harpscreen GB Ltd.|C30163
Harrison Hydra-Gen - hPower|S64622
Hartmann Controls Inc|S81253
Hatz Americas, Inc|S84129
Haver & Boecker Niagara|C32616
HAWE Hydraulik|S81741
HAZEMAG|C31472
HBC-radiomatic, Inc.|N12238
HBS Systems|N10277
HBS Valves & Hydraulic Components|N11673
HCSS-Heavy Construction Systems Specialists, LLC|W43515
HCSS-Heavy Construction Systems Specialists, LLC|N11251
HD Hyundai Construction Equipment North America|W42500
HD Hyundai Infracore Engine Division|S80928
Headed Reinforcement Corporation (HRC)|C22114
Heat Design Equipment Inc|SV2056
Heave Inc.|N10273
Heavy Duty Ramps|N10300
Heavy Equipment Guide|WL13008
Heavy Motions Inc|S82907
Hebei Fitexcasting Trading Co., Ltd.|S84017
Hebei Hailan Bearing Manufacture Co., Ltd.|S84016
Hebei Jing County Huaxin Fork Co., Ltd.|C22734
Hebei Joyroll Conveyor Machinery Co., Ltd.|C33076
Hebei Juming Heavy Industry Co., Ltd.|C32987
Hebei Sinopulse Tech Group Co., Ltd.|S84007
HED, Inc.|S82020
Hefei Changyuan Hydraulic Co., Ltd.|S84010
Hefei Tianyu Booen Technology Co., Ltd.|N10118
Hefei Wanye Hydraulic Component Co., Ltd.|S83400
Heico Fastening Systems|N12077
Helios Technologies|S81729
HELLA Automotive Sales Inc.|N12824
HELUKABEL|N10677
HEMA Endustri AS|S82253
Henan Mine International Trade Co., Ltd.|N10131
Henan Showin Hydraulics Technology Co., Ltd.|S83454
Henan SPT Machinery Equipment Co., Ltd.|F4057
Henan Wanxun Industrial Co., Ltd.|S82242
Henan Weihua Heavy Machinery Co., Ltd.|D1025
Hendrickson|S63910
Hengli America Corporation|S82641
Hengshui Baili Hose Co., Ltd.|S84158
Hengst of North America|S64606
Hengyu Group Hydraulic Fluid Technology Hebei Co., Ltd.|S83616
Hennessy International Inc.|P8149
Hennig, Inc.|S63107
Hensley Industries Inc|W41929
Hercules Machinery Corp. LLC.|P7759
Hercules Sealing Products|S80641
Heskins LLC|C30186
Hetronic Inc.|N11027
Hexagon|N12545
Hidromek A.S.|F20029
HIFI FILTER FRANCE|S63748
Highlands Publications|GL70005
Hilman Rollers|F45049
Hisan (Tianjin) Co., Ltd.|C22530
Historical Construction Equipment Association|GL10009
Hitachi Construction Machinery Americas|F19012
Hitachi Global Air Power|S60834
HitchDoc|N10366
Hitek Equipment Inc.|SV3105
HKD Blue|N11376
HKX Inc|W42335
HLB Bearing Co., Ltd.|S83511
HMWS Engineered Solutions|S60142
Hogan Company Inc|C22302
Holcombe Mixers|P7340
Holdwell North America, Inc.|SL80037
Holloway Group / Geohex|P8300
Holloway Houston, Inc.|N10877
Holmbury Inc|W41473
Holms Attachments|D1227
Hongsheng Thermal System Ltd.|S82406
Honor Pumps USA, Youli-Amrica, Power Valve|S83741
HookCam LLC|D1101
Horizon Motor Inc.|S64601
Horton Inc|S80729
HORYONG CO., LTD.|D1427
Hot Shot's Secret|N12565
Hotsy Cleaning Systems|C22202
Hougen Manufacturing Inc|N12677
HPSI/GeoQuip, Inc.|P8446
HR Fabricators, LLC|N12670
HSG SAFETY SUPPLIES INC|C22902
HSI, Inc.|N11473
HT Hydraulics|S84110
HTS Coatings|N10037
HTS Direct, LLC|D1231
Huaian Shengjie Hydraulic Machinery Co., Ltd.|N12919
Huddig INC|F15036
Humboldt Mfg. Co.|C30767
HUMCO MARINE PRODUCTS INC.|F50028
Hunan Aerial-Power Machinery Co., Ltd.|N13275
Hunan Drillmaster Engineering Technology Co., Ltd.|P8337
Hunan Kellyway Machinery Co., Ltd.|S63658
Hunan SINOBOOM Intelligent Equipment Co., Ltd.|F19055
Hunan Unicorn Machinery Co., Ltd .|S63444
Hurricane Attachments|W44200
Husco|S81415
Husqvarna Construction|P7767
Huzhou Kalong Import & Export Co., Ltd.|S84116
Huzhou Shengli Hydraulic Co., Ltd.|S82045
HW Ventilation|S82244
HYDAC Technology Corp./Schroeder Industries|S81040
Hydra-Tech Pumps|C30761
HydraForce Inc|S80245
HydrauliCircuit Technology LLC|W41460
Hydraulitechs|N11515
Hydrema|F14257
Hydro Engineering Inc|SV2050
Hydro Leduc NA Inc.|S84228
Hydro Mobile|N10627
Hydro-Chem Systems|N10342
Hydstar (Haikou) Hydraulic Co., Ltd.|S84144
Hyoiat Magnet Technology Co., Ltd.|S84009
Hyrax Aerial Lifts|D1145
HYTORC Industrial Bolting Systems|N10851
Hyundai Everdigm|F16038
I Make America|F60000
i3 Product Development|S81729
IC-Fluid Power, Inc|S83340
ICVS-AMETEK|N12667
iDig Incorporated|F42014
IDROMECCANICA ITALIANA S.r.L.|C22236
ifm efector|N12963
IFP Motion Solutions, Inc.|S81052
Ignite Attachments|W41445
IGUS Inc|N12039
IMER USA|C32633
IMMI|W41456
IMO USA Corp.|C22209
Impact Service Corporation|C32816
Impro Fluidtek USA, LLC|S82033
ImpulseRadar|S63218
IMRAE|C33036
Inan Makina MTB|C20247
INCOM Manufacturing Group|N10672
Incus5|N13254
INDECO|W40201
Independent Equipment Dealers Association|SL60018
Indian Construction Equipment Manufacturers Association|GL31003
Industrial Diesel|S82153
Industrial Magnetics|C30072
Industrial Nut Corporation|S63649
Infinity Tool, Mfg.|S64431
Inner Mongolia Cooperate Machinery Co., Ltd.|N10121
Innoplast Inc|C22107
Innovative Equipment Supply Corp.|N12673
Innovative Hydraulics LLC|SL80012
InSite Software Inc|N11426
Instagrid|P7233
InstroTek Inc|C22115
Integrated Power Services|N10213
IntelliShift|N11277
Intercomp|N12066
INTERMAT|GL31006
International Construction and Survey Productivity Improvement EXPO|GL31009
International Construction Equipment Inc|D1000
International Development Services, Inc|N13135
International Fluid Power of America|S82152
International Fluid Power Society|SL80103
INTERNATIONAL MOTORS|S62123
International Powered Access Federation (IPAF)|GL31205
International Union of Operating Engineers|GL50001
Interstate Assembly Systems|S63147
Interstate-McBee|S83316
Intric Grouting Solutions|P7671
Iowa Mold Tooling Company Inc (IMT)|N12324
IPD|S83757
IPS Cranes, Inc.|N10909
IROCK Crushers LLC|C32316
IRON GROUP|D1053
Ironclad Environmental Solutions, Inc.|S61211
IronClad Hydraulics|N12402
IRONMARKETS|N12463
Ironwear|C22502
iSC Manufacturing|C33062
Ischebeck USA Inc.|P8447
Isspro Inc|S81647
Isuzu Commercial Truck of America|S60659
Isuzu Motors America LLC|S82929
Italian Trade Agency - Houston|C22029
Iterchimica SpA|C33054
ITH Bolting Technology|N11377
ITI|N10466
ITR Solutions|W43501
IVO Systems|N12625
J-Tech|C22923
J.R. Merritt Controls Inc|S82156
JADCO Manufacturing, Inc.|C22504
Jannatec Technologies|C30922
Jantsa A.S.|N12806
JASO Tower Cranes|F41002
JCB Powertrain|S80841
JDA Global LLC|C22532
Jean Lutz America|P7246
JECAR TECH MEXICO, S.A. DE C.V.|S84414
Jeffrey Machine Inc|D1235
JEL Concrete Plants|SV3134
Jenkins Iron & Steel|N11650
JENNMAR Civil|S64223
Jeremywell International|N12170
Jetstream of Houston|S60358
Jiangsu Anteng Machinery Co., Ltd.|S63656
Jiangsu Guchuan Machinery Co., Ltd.|D1018
Jiangsu Halies Hydraulic Pump Co., Ltd.|S84044
Jiangsu Hualong Precision Manufacturing Co., Ltd.|S61759
Jiangsu Inslift Technology Co., Ltd.|D1341
Jiangsu Mengyang Motor Manufacture Co., Ltd.|S83612
Jiangsu Saimeite Machinery Co., Ltd.|N10335
Jiangsu Sino Hydraulic Machinery Co., Ltd.|S84106
Jiangsu Sunhunk Logistics Equipment Co., Ltd.|D1353
Jiangsu Taiming Hydraulic Technology Co., Ltd.|S83944
Jiangsu Topower Tyre Co., Ltd.|N10057
Jiangsu Yongchuang Engineering Machinery Co., Ltd.|N13177
Jiangxi Aili New Material Technology Co., Ltd.|N13263
Jiangxi B-Nail Construction Machinery Technology Co., Ltd.|N10119
Jiangxi Jinlilong Rubber Track Co., Ltd.|N11863
Jiashan MinQin Oilless Bearing Co., Ltd.|S84014
Jiaxing Taite Rubber Co., Ltd.|N13029
JIMCO Home of The John Henry Rock Drill|W40059
Jimway Enterprise Co., Ltd.|C32993
Jinan Longli Hydraulic Device Co., Ltd.|N10134
Jinan YZH Machinery Equipment Co., Ltd.|S63744
Jining CIMAC Wheel Co., Ltd.|N12776
Jining Hengwang Mining Machinery Co., Ltd.|N10045
Jining Huida Construction Machinery Co., Ltd.|N10016
Jinmyung Frictech Co., Ltd.|S83300
JINSAN CS CORP.|C33080
Jisan Heavy Industry Ltd.|D1125
JJ Kane Auctions|N10809
JKF Americas - Division of JK Fenner India|S84145
JKI Industries|N11674
JLG Industries Inc|N12308
JM Attachments LLC|D1119
JMG Systems LTD.|C22233
John Deere Power Systems|W40442
John Deere/Wirtgen Group|SV2415
John Lawrie Tubulars|S63747
JOMAC Ltd|P8122
Jonel Engineering|N12773
Joral LLC|S82009
Junttan USA, Inc.|P8541
JVI Vibratory Equipment|C22203
K-Tec / Ashland|F21055
Kaeser Compressors|S60147
Kafu Engineering Machinery Parts Co., Limited|C22214
Kaiser Premier|W43571
Kanawha Scales & Systems|C30271
Kanga Loaders|W42654
Kar-Tech Inc|S81653
KATO Compact Excavator Sales LLC|W43529
Kauchuk JSC|C31905
Kaufman Trailers|P8315
Kawasaki Motors Corp., U.S.A.|S81942
Kawasaki Precision Machinery (U.S.A.) Inc.|S81942
KAZELOGULLARI SAN. VE TIC. LTD. STI.|S83006
KCP Concrete Pumps Ltd.|P8419
Keestrack America|C31641
KEITH Mfg Co|S62518
Kelco Industries|S63210
Kelly Tractor Company|P8141
KEMROC|W41250
Kenco Corporation|W43045
Kenco Engineering Inc|W41444
Kennametal Inc|C32742
Kenneth Clark Company, Inc|N12666
Kenworth Truck Company|S63135
Kenworth Truck Company|S62535
Kessler, Inc|S81215
Kevins Worldwide|C30175
Keystone Drill Services|P7847
Keystone Engineering & Manufacturing|C30946
Keystone Plastics Inc|C30155
KGBAL Manufacturing|S82148
KHL Group|N12525
Khodiyar Industrial Private Limited|C33082
Kinematics|S83555
King Kong-Tools LLC.|SV2014
Kingspan Water & Energy|C22233
Kinshofer North America|F16027
Kioti Tractor Div Daedong-USA Inc|F26014
Kioti Tractor Div Daedong-USA Inc|W43545
Kito Crosby|N11827
Klein Products Inc|N12246
Knapheide Manufacturing Company (The)|S60035
KNJ QUARRY SUPPLIES LTD.|C22215
Knott Brake Company|S83321
Knowify|N10243
KOBELCO Construction Machinery USA|F35004
Koduct Machinery (Shanghai) Co., Ltd.|N13171
Komatsu|W41945
Komplet America|C32086
Kondex Corporation|S60138
KONNECTRONIX, INC.|S83557
Korea Crawler Track Ltd.|W41457
Kreisel Electric|W40442
KS Hydraulic Jiashan Co., Ltd.|N13055
KSC ENGINEERS PVT. LTD.|N10320
KTI Hydraulics Inc.|S81618
Kubota Engine America Corporation|S80441
Kubota Tractor Corporation|W40464
Kuriyama of America Inc|S84412
KUS Americas, Inc.|S64607
KYASHIF EOOD|S82529
KYB Americas Corporation|S84119
L & M Radiator Inc|S83107
L&L Products|N11877
L&T Technology Services Limited|N11850
LaborMax Staffing|N10233
LaBounty|W41601
Laizhou Hongyuan Bench Vice Manufacture Co., Ltd.|C22729
Lampson International LLC|N10346
Lanair|C30162
Land Improvement Contractors of America|GL20701
Landoll Company, LLC|P7959
Lane Enterprises|S63219
Lang Specialty Trailers|N11227
Lansas Products Mfg by Vanderlans & Sons Inc|S63318
Larue|P7367
Laser Tech|N10337
Latux Diamond Blades|C32004
Ledwell|S62747
Lee Manufacturing Solutions|S83552
LeeBoy|C30932
Lefixea Inc.|N11753
Legend Robot|N10173
Legendary Hydraulic Valves, LLC.|S80252
Leggett & Platt Hydraulics|S81452
LHY Powertrain|S82941
Liaocheng Xinde Auto Parts Co., Ltd.|S83957
Liebherr|P7761
Liebherr|F35055
Liftwell Hydraulics LLC|S82141
LiftWise by Diversified Products|W41466
lim technology|S62546
Limb Buster LLC|S63848
Limble|N12569
Lincoln Electric Company (The)|P8449
Linde Gas & Equipment Inc.|S63335
Linden Comansa America|F42086
Line Work Bucket Products, LLC|S63339
Lingong Heavy Machinery Co.,Ltd.|D1213
Linhai Jiuda Rubber Track Co., Ltd.|N10140
Link-Belt Cranes|F35029
Link-Belt Excavators|F35043
Link2Pump Corp.|N13372
Linz Electric Inc.|S63741
LIPPERT|N11815
Lippmann|SV2001
LiQuiTube Total Tire Protection|N12063
LiQuiTube Total Tire Protection|W41448
Little Beaver/Lone Star|S62522
LiuGong North America|F18033
LJ Inc.|C20128
LNM Auto Industries Pvt. Ltd.|N10308
Load Boss|P7841
Loader Parts Source|N10432
Loadscan LLC|N11233
LoadTraxx|N13376
LockNLube|N10472
LOCTITE|N11903
Loftness Specialized Equipment|P7747
Logan Clutch Corporation|S81746
Lonking (Fujian) International Trade Co., Ltd.|D1138
Loup Electronics Inc|N10144
Lowe Manufacturing Co., LLC|W41533
Lubecore International Inc.|N12173
LubeMinder Oil and Grease Systems|N11901
Lucrescent Bearing Corporation|SL80015
Luff Industries Ltd|C30104
LUIS Technology GmbH|N11855
Luohe Jiulong Hydraulic Technology Co., Ltd.|S83310
Luoyang Diron Parts Trading Co., Ltd.|S83410
Luoyang Sinorock Engineering Material Co., Ltd.|S63341
Luxtronik Technology Company Limited|S63216
M & T Expo 2027 Brazil|GL10005
MA Business A Mark Allen Group Company|SL80102
Maanshan Fangyuan Precision Machinery Co., Ltd.|S83947
Mach, Inc|N11440
Machinery Trader/AuctionTime.com|W42944
Machinery Trader/AuctionTime.com|W42944
Mack Trucks|S60622
Macropaver - Stepp Mfg. - Kasi Infrared|C32474
Maddox Industrial Transformer, LLC|S64707
Maeda Seisakusho Co., Ltd.|F42012
Magna Tyres Group|W42754
Magni Telescopic Handlers|F16045
Magnum Attachments Inc|W42301
Magnum Piering|N13357
Magotteaux Inc|C20042
Maintainer Corporation of Iowa Inc|S60823
MAIT S.p.A|P7933
MAIT USA|P7933
Major Wire Industries Limited|C32269
Makersan|N10874
Makin AS|N12953
Malta Dynamics|C22337
Manitou Equipment America LLC|F42042
Mantis|W41901
MAPEI|C20251
Marden Industries Inc. dba Supertrak|S60647
Margui Maquinas LTDA|C33050
Marine Equipment Solutions|F50028
Marini|C30932
Marmon-Herrington|S82629
Martin Engineering|C30148
Martin Sprocket & Gear, Inc.|C32891
Marvel Industrial Coatings|C30154
Marzocchi Pumps USA|S83441
Masaba Inc.|SV2574
Master Builders Solutions|C20318
Matec America Inc|C32586
Mato Corporation|C22919
Matrix Design Group|N12719
Mauldin Paving Products|SV2046
Max USA Corp|N12065
Maxam Tire North America, Inc|W40229
Maxiforce|S83257
MB Crusher America Inc|P7733
MB Crusher America Inc|SV2045
McAllister Mills Inc.|S63643
McCloskey Environmental|SV2001
McCloskey International Ltd|SV2001
McCown Technology Corporation|P7234
McDougall Auctioneers Inc.|N10053
McElroy Manufacturing, Inc.|P7159
McLanahan Corporation|C30415
McLellan Industries|S64213
MCS North America, Inc|S82518
MCS Rental Software|N10248
ME Elecmetal|C30862
MEC Aerial Work Platforms|F42072
Mecalac|C30932
Mecc Alte Spa|SL80025
Mectronx|N11236
Medal Hydraulics|S83521
MEDIAPOINT & EXHIBITIONS SRL|C22035
Meever USA|P8443
Mega Corp|W41172
MEKA Ithalat Ihracat Pazarlama ve Ticaret A.S.|SV3137
Melectric Systems|S83244
Mellott|C30024
Memo Corporation|S83206
Menzi USA sales, Inc|N12834
Mercury Associates|N13248
Meridian Manufacturing|N11515
Merlo America|F22041
Mersino/Global Pump|S64835
Merts Inc|C30048
Mesa Solutions|S65035
Mesa Systems Company|C30257
Messinger Bearings|C22201
Metal Forms Corporation|C32556
Metal Pless|N12863
Metalogenia North America Corp|W41258
METALSRECYCLING|GL31000
METER Bearings|S83228
Metso USA|C31832
Mettler Toledo|N10718
MEVA Formwork Systems|P8400
Mexicali Hard Chrome Corp & Tru Coat Plating|N11973
Mexican Association of Machinery Distributors|GL70003
Meyer Lab|N10563
Michelin North America|W42901
Micropower Group AB|S82543
Midland Machinery|P7147
Midwest Control Products Corp|S83456
Midwest Equipment Sales|W42848
Midwest Hose & Specialty, Inc.|S82655
Midwestern Industries Inc|C32033
Miller Electric Mfg. LLC|P7259
Miller Formless Company|C31272
Miller Lifting Products|N12777
Mincon Inc|S64119
Mine Duty Idlers a Division of Chicago Chain & Transmission Co|C20052
MinebeaMitsumi|SL80016
Miner Elastomer|N12973
Mingshang Technology Co., Ltd.|C22735
Mining Magazine / Aspermont|GL70001
Mining Media International, Inc.|WL13018
Minyu Machinery Corp.|C30871
Mitsubishi Materials USA Corporation|S64618
Mitsuboshi Belting Ltd.|S81657
MJ DE-YI International Ltd.|S83246
MKT Manufacturing Inc|S64619
MnSteels, LLC/Guangxi Great Wall Machineries|N11678
Moasure|N11748
Moba Corporation|C32342
MobiClocks|N11751
Mobile Modular|P8647
Mobile Track Solutions|F17013
MobyDick North America|N13053
Mody Pumps Inc|C30108
Moley Magnetics & Equipment|N10708
Monarch Industries|S80747
Monsen Engineering|N11971
Montabert|W42229
Montanhydraulik GmbH|N10234
Moog Construction|W41645
Morbark LLC|W41901
Morooka America|W43145
Motion|C32857
Motionics LLC|S63838
Motive|N11709
MOTTROL INTERNATIONAL INC|N10049
Movax Oy|P8744
Movex Innovation|N10873
MP Filtri USA Inc|S80853
MPAQ Automation Inc|C30850
MPP|S82201
MPP Aftermarket|SV2001
MPW Filter Worldwide|N10127
MRL Equipment Company, Inc.|S60358
MSB Corporation|C20358
MTE Hydraulics|S83733
MTW Wear Parts (Suzhou) Co., Ltd.|N11341
Mule Screens by Steel Systems|C32656
Multi Seal|W41476
Multi-Wing America|S82951
Multiforce Systems Corp|N10354
Multistar International Canada Inc|S63316
Murray Trailers|P7267
MWI Pumps|C31594
Myers Spring Co.|N10770
Myers-Seth Pumps Inc|C22604
Nadit Hydraulic (Ningbo) Co., Ltd.|N10531
NAF Axles NA Inc|S84107
Nanjing Soliner Hydraulic Technology Co., Ltd.|N11773
Nantong Shen Dong Yu Hao Solid Tyre Co., Ltd.|N10314
Nantong Zhonglong Hydraulic Co., Ltd.|S83315
National Asphalt Pavement Association (NAPA)|GL12600
National Association of Women in Construction (NAWIC)|GL12592
National Attachments Inc|W41266
National Compressed Air Canada Ltd.|S63556
National Fluid Power Association|SL80100
National Hispanic Contractors Association|WL14016
National Ready Mixed Concrete Association|GL20400
National Rent-A-Fence|N10526
National Robotics Engineering Center|N11956
National Signal LLC|S64407
National Stone, Sand & Gravel Association (NSSGA)|GL20300
National Trench Safety|P8305
National Tube Supply Co|S83332
NBB Controls Inc|S83520
NBM Media Pvt. Ltd|GL31001
Neighbors Trailer|S63557
Nelson Manufacturing Company|F43086
Neptune Process, LLC|C30883
Nescon, LLC / XBroom|C22305
New Holland Construction|F29055
New Pig Corporation|N11821
NextGen Fluid Power LLC|C33038
Nichols Portland Incorporated|S84311
NIMET SRL|S83158
Ningbo Aimax Imp. & Exp. Co., Ltd.|N13072
Ningbo Airfit Pneumatic & Hydraulic Co. ,Ltd.|S83311
Ningbo Aoge Machinery Co., Ltd.|N10017
Ningbo bolev Hydraulics Co., Ltd.|S83846
Ningbo BRS New Material Co., Ltd.|N13264
Ningbo Cofar Hose & Fitting Co., Ltd.|S83517
Ningbo Dongyu Hydraulics Co., Ltd.|S83309
Ningbo E.H Hydraulic Co., Ltd.|S83506
Ningbo ELI Electromagnetic Technology Co., Ltd.|N10147
Ningbo Haishan Cloring Sealing Products Co., Ltd.|N13267
Ningbo Haizhiying Hydraulic Import and Export Co., Ltd.|N13271
Ningbo Hanshang Hydraulic Co., Ltd.|S83606
Ningbo Hedi Machinery Co., Ltd.|N11121
Ningbo Helm Tower Noda Hydraulic Co., Ltd.|S81910
Ningbo HFD Machhinery Co., Ltd.|S84012
Ningbo Hopesun New Material Co., Ltd.|N13077
Ningbo Hutchin Hydraulic Co., Ltd.|S82254
Ningbo Kemer Engineering Machinery Co., Ltd.|C22732
Ningbo Keta Hydraulics Co., Ltd.|S83558
Ningbo Kiteson Precision Machinery Co., Ltd.|S83308
Ningbo Leiyang Industrial Technology Co., Ltd.|N10126
Ningbo Longye Hydraulic Manufacture Co., Ltd.|S84140
Ningbo Milehertz Machinery Co., Ltd.|S84114
Ningbo Minghe Lixon Hydraulic Technology Co., Ltd.|S83240
Ningbo Target Hydraulics Co., Ltd.|S83946
Ningbo Weir Trading Co., Ltd.|S83847
Ningbo Xianlong Automobile Fittings Co., Ltd.|N13273
Ningbo Xingjinfeng Machinery Co., Ltd.|S83554
Ningbo XingMing Hydraulic Equipment Co., Ltd.|S83952
Ningbo Xinhong Hydraulic Co., Ltd.|S84047
Ningbo Yichen Environment Tech Co., Ltd.|C33044
Ningbo Yinzhou Get Machinery Ltd.|N10414
Ningbo Yinzhou Join Machinery Co., Ltd.|N10033
Ningbo Yinzhou Ningdong Gear Limited Company|S83356
Ningbo Yinzhou Yunlong Yongfeng Machinery Parts Factory|N10112
Ningbo Youquen Hydraulic Co., Ltd.|S83853
Ningbo Zhanyue Hydraulic Technology Co., Ltd.|N12979
Ningbo Zhenhai Tiandi Hydraulic Co., Ltd.|N13153
Ningbo Zhongyi Hydraulic Motor Co., Ltd.|S83600
Ningbo Zycalloy Co., Ltd.|S83954
Ningguo Swbtec Industry Co., Ltd.|S83306
NITROcrete|C33068
Nitto Kohki USA Inc|N13039
NLB Corp|C22331
Noblelift Malaysia Sdn. Bhd.|D1126
Nonstop Diamond Solutions|C22635
Nord-Lock Group|N10344
NORDIC LIGHTS Ltd.|N11027
Noregon Systems|N12473
North American Rescue|C22101
North Valley Research|S84115
Northern Ireland – Materials Handling|C22233
Northern Radiator|S84022
Northrock Industries Inc|C30846
Northwire|S63217
Nott Company|S81541
NPK|N11345
NPK Construction Equipment, Inc.|C20338
Nucor|N10372
Numa Hammers & Bits|S60330
OCI DRILLTOOLS, LLC|P7727
ODRA Road Sweepers|C32268
OEC USA INC.|S82154
OEM Controls Inc|S81606
Officine Malaguti|C22031
Ognibene North America LLC|S83251
Oilquick|F15042
Okada America, Inc.|C20627
Old Dominion Brush Company|W41901
Old World Industries|S64501
OLI Vibrator|C32013
OLIMPIA AUTO GLASS|N10467
Olofsfors|N12014
Oman Systems Incorporated|N12477
Omni Powertrain Technologies, LLC|S82419
On Point HDD|S63840
Onspot of North America|S63539
OnStation|N11230
Ontario Road Builders Association|GL31216
OP USA Inc|S83643
Optical Belt Scale|C22622
OptiCrane|N13137
Optimum Crush|C32650
Optimum Safety Systems Ltd|P8463
Orica USA|C22323
OTH Pioneer Rigging|N10109
OTR Engineered Solutions|W43875
OTTO Controls|N11367
Outset SRL|C22232
Overton Safety Training|N11979
OX Equipment Inc.|W43667
Oxylance|N11977
Oztec Industries Inc|C20328
Pacific Gulf Wire Rope|F50028
Paladin|W41601
Palazzani Industrie Spa|D1349
Palfinger North America, LLC|F46041
Panasonic Connect|N11618
Pang Industrial|C30038
Parker Hannifin Corporation|S81628
Parker Sales and Service, Inc.|C33070
Parts ASAP|N10827
PARTS ROAD CO. (PRC)|N10021
PassTime GPS|N10967
Patriot Engineering Services|S83453
Paus North America Inc.|D1249
PAVEPRO|C20261
PCI, ProCal Innovations LLC|C20028
Pearson Heating Systems Inc|SV2038
Pedigree Technologies|N10255
Pemberton LLC|F27063
Penny Pockets, Ltd.|C22314
Perissinotto SPA - PEMO Pumps|C30178
Perkins Engines Limited|S80229
Perma-Patch|C32009
Permco Inc|S81241
Peterbilt Motors Company|S60859
Petra Drilling Supply|P7867
PETRAX|N11408
Petro-Canada Lubricants|S82613
Pfeifer Wire Rope and Lifting Technology|N11967
Pfreundt GMBH|N10973
Philippi-Hagenbuch Inc|W42644
Phillips|C32895
Phillips & Temro Industries|S83644
Phoenix Contact USA, Inc.|S82401
PHOENIX Process Equipment Company|C20048
PierTech Systems|S60011
PILECO, Inc|P7567
Pileworks|P7869
Pilot Tasit Koltuklari AS|N10267
Pinnacle Drilling Products|P7667
Pipe Trekker|S63222
Piper Aircraft, Inc.|P8067
Pit & Quarry/Portable Plants Magazines|GL31218
Piusi USA, Inc|N13326
Pix North America|S83457
Plant & Equipment|GL30301
Plastic Components - Electri-tec|N12076
Plate Locks|S63439
Plott inc.|N11750
PMC A&E|S64701
PMP Industries Inc.|S80807
PNC Vendor Finance|N10350
Poclain Inc|S82241
Point-of-Rental|N10671
POLARIS Laboratories®|N12674
Polarmatic Ltd.|C30879
Polydeck|C31466
Polygon Composites Technology|S83647
PolygonMach|C31911
Polymath Robotics|N10022
Polymer Molding Inc|S82047
Polymershapes LLC|N12577
POPPI UGO EUROFORGE - S.P.A.|C22037
Portable Lighting Solutions, Inc.|S63641
Portland Tractor|N10719
Poseidon Barge|F50028
POSEIDON JACKUP|F50028
POSITAL - FRABA|S63113
Powell Electronics|N11853
Power & Motion|GL20803
Power Curbers Companies, LLC|C31272
PowerBully|F13045
Powerfarmer.com|S62315
Powermoon Enterprises Ltd|C30952
POWR2|S64411
Precision Pulley & Idler - PPI|C32075
Precision Screen Mfg|C30179
PreconSuite|N12676
Premier Pump and Power, LLC|C20132
Premier Water Tanks|P7326
PressurePro Inc|N11476
Pretred|C22336
Primax Shoring Inc|S63553
Prime Machine, Inc|S83548
Prince Manufacturing Corporation|S82433
PRINOTH|W43845
Prinsco|C20138
Prism Lighting Services LLC|S63739
Pro-Vision Video Systems|N11234
ProAll - A Terex Brand|C30314
Process Engineers and Equipment Corporation|C32110
ProCom Headsets|N12672
ProCom Headsets|N10768
Procore|N11715
Proemion Corp|N12302
Project Freight LLC|P7240
PROPEL INDUSTRIES PRIVATE LIMITED|C32494
Propeller|N12915
PRORIL Pumps Corporation|S60434
Protective Pty Ltd|N13148
ProxyVolt Safety|N12671
PS Bearings MFG Limited|S84112
Pull Logic|N11755
Purple Wave Auction|N12002
Purvis Industries|N12008
Puzzolana Machinery Fabricators (Hyderabad)|C32822
PVE Cranes|D1040
PWM Hydraulics Ltd.|N11515
Python Protective Sleeves + Covers|N11901
QCC|S83217
QCCanada|W41472
Qexpand Technologies GmbH|S83207
Qingdao Elite Hydraulic Co., Ltd.|S83406
Qingdao Everun Machinery Co., Ltd.|D1329
Qingdao Fambition Heavy Machinery|P8428
Qingdao Paguld Intelligent Manufacturing Co., Ltd.|S64812
Qingdao Pentaflex Co., Ltd.|S83307
Qingdao Rubber Six Hose Co., Ltd.|N10151
Qingdao Weitai Hydraulic Co., Ltd.|S83501
Qingzhou Boxinhuasheng Hydraulic Technology Co., Ltd.|S83447
Qingzhou Yingnuo Heavy Industry Co., Ltd.|N13236
QUADCO|P7149
Quangong Machinery Co., Ltd.|C32992
Quantum Land Design|N11127
Quanxing Machining Group Co., Ltd.|S81557
Quanzhou Henglida Engineering Machinery Co., Ltd.|C22636
Quanzhou K&H Parts Co., Ltd.|N10041
Quanzhou Quanhang Construction Machinery Co., Ltd.|N13151
Quanzhou Red Hill Engineering & Machinery Co., Ltd.|N10212
Quick Attach|W44501
RAE Products & Chemicals Corp.|C30253
RagnarTech|F23033
Raken|N13125
RAM Mounts|S62319
Ram Professional|P8119
Rammer|C20217
Ramsey Industries|S63159
Ramsey Winch|S63159
Rapid Barrier Systems, Inc.|N13262
Rapid International Ltd|SV2328
RapidWorks|N11572
Rasmussen|F50028
Ravasco Transmission & Packing Pvt. Ltd.|C33040
RaycoWylie Systems|N10762
RC Industries|S63319
Reading Truck|S63523
Ready-Jet Solutions, Inc.|P8451
Recore|S83856
Red Flint Sand and Gravel|C22306
RedArt Technologies|P8404
Redekop Manufacturing|N11515
Redline Systems, Inc.|C30028
REED Concrete Pumps & Shotcrete Equipment|SV2060
REESCO Manufacturing and Sales|C31806
Regal Rexnord|C31666
Rehlko|S83119
Reliable Asphalt Products|C32804
Reliable Bronze & Manufacturing, Inc.|N11269
Reliable High Performance Products Inc|C22104
Rema Tip Top/ North America|C30995
REMco (Rock Engineered Machinery Co Inc)|C31387
REMU USA, Inc|P7433
Renqiu Aosen Machinery Accessories Co., Ltd.|S84011
RER- Rental Equipment Register|GL20803
Revolution Concrete Mixers|C30220
RHEINTACHO|S83244
Rhinovsi|C32486
RHK Hydraulic Cylinder Services Inc.|S83245
RIB Software|N13269
Rice Lake Weighing Systems|SV2218
Richway Industries|S60909
Richwood|C32143
RideController|N10020
RIEGL USA|N10427
Rig-Rents|P7059
Rig-Rents|P8641
Right Traffic|C30082
Rimex Inc|N11273
Ring-O-Matic, Inc.|S61834
Rio Rubber Track, Inc|W41453
Ripack|C22105
Ritchie Bros.|W41567
RiteChoice Ducting, LLC|S63543
Ritmo America LLC|S60809
Riviera Brush Co|C32899
Rizhao Fenghua Scaffoldings Co., Ltd.|N13145
RMC China Quality Machine Parts Inc|S64723
Roads & Bridges|GL20803
Roadwarrior Inc|S82147
Roadway Safety Foundation|SL60028
ROC Equipment LLC / BUMA CE|P8248
Rochling Industrial Mount Pleasant|F41003
Rock Rental|P7245
Rock Tools Attachments, LLC|C20257
Rockland Manufacturing Company|W41244
Rockmore International|S63044
Rockshield Rubber Company|C30138
Rockster GmbH|P7741
RockZone Americas|C31850
Rodman Drill|S63449
RodRadar|D1127
Rokbak|F27055
Roll Rite, a Clarience Technologies company|S63513
Rolling Wedge, LLC|W42644
Rome Plow Company|W43468
Romettle New Material Technology|W41667
Rooster Asset Tracking Systems|N12814
Roper Pump Co|N10675
ROQUET HYDRAULICS, S.L.|S80246
Rosco Vision|N13144
Rosenboom Machine & Tool|S81753
Roshow Heavy Industry Co., Ltd.|N10915
ROSTA USA|C30004
Rota Limited|S83540
Rotary Power|S83012
Rotex Global, LLC|C32869
Rothbucher Systems|N10412
Rotobec Inc|S63412
Rotochopper Inc|P8051
Rotor Clip Company|S83452
Rototilt Inc.|F17055
ROTZLER USA Inc|N10263
Route One Publishing Limited|GL31008
Royal Composites Pvt. Ltd.|S83640
Royal Truck & Equipment|W41901
Royer|C22308
ROYPOW Technology Co., Ltd.|S64806
RSP North America|P7969
RSR Consruction & Foundation Systems|N11515
Rubber & Plastic Products NI Ltd|C22233
Rubbl, LLC|N10223
RUBBLE MASTER|SV2000
RubbleCrusher|SV2330
Ruian Fly Machine Parts Co., Ltd.|S62544
Ruian Kahonwy Auto Electric Co., Ltd,|S83419
Ruian Paacar Auto Parts Co., Ltd.|S84156
Rulmeca Corporation|C32232
Ruthmann Reachmaster NA LP Division of Time Mfg|F24055
RVI Inc|S82246
RWI Enhanced Evaporation|C30054
SafeGauge|N10334
Safety Anchor Post Systems|C22213
Safety Decals|N10811
Safety Reports|N11135
Safety Technologies, Inc.|C33084
Safety Vision, LLC|N10311
SAFiM Srl|S83852
Sage|N13206
Sage Oil Vac Inc|S60135
Sakai America, Inc.|C31119
Salami SpA|N12918
Salsco Inc|SV2074
Sammoon Vehicle Lighting Technology Co., Ltd.|N10242
Samsara|N13129
Samson Rope|N11462
Sandvik|SV2457
Sanmen Binlong Transmission Belt Co., Ltd.|S84020
SANY America|F44054
Saskatchewan Trade & Export Partnership|N11515
SBM Mineral Processing GmbH|SV3122
Scan-Link Technologies INC|N10571
Scania|S64900
Scanreco US Inc|W44101
Scarlet Tech|N10136
Schaeffer's Specialized Lubricants|N10666
Schaeffler|S80606
Schafer Industries|S83817
Schurco Slurry, LLC|C20237
Schwarze Industries LLC|W41901
Scotchman Industries|C30182
Screen Machine Industries|SV2001
SDA ENDUSTRI IMALAT TIC. A.S.|SV3111
SealMaster|C31573
Sears Seating|W42321
Seats Incorporated|N12772
Securis|C33042
SeeDevil|S62550
SEMCO Publishing|WL13012
Sempertrans Conveyor Belting|C30086
Sennebogen LLC|N11947
Sensei Spare Parts|S82007
Sensoteq|C22233
Sentry Tire & Rubber|N10673
Seppi M.|S62335
SERKO USA Inc.|N10977
Service Truck Depot|S63213
Service Trucks International|S61147
SETCO, Inc. dba SETCO Solid Tire|W41549
Settima USA Inc|S83549
SFC KOENIG|S83143
Shanding Machinery (Shandong) Group Co., Ltd.|D1243
Shandong Chufeng Heavy Industry Machinery Co., Ltd.|D1052
Shandong Hightop Group|N10413
Shandong Huayee Heavy Industry Group Co., Ltd.|D1055
Shandong Jiarun Precision Machinery Manufacturing Co., Ltd.|N11466
Shandong Jinli Hydraulic Technology Co., Ltd.|S83701
Shandong Juning Machinery Co., Ltd.|N10114
Shandong Kenstone Heavy Machinery Co., Ltd.|D1461
Shandong Keystone Hydraulic Co., Ltd.|S83417
Shandong Lingong Construction Machinery Co., Ltd.|D1201
Shandong Mingde Machinery Co., Ltd.|N12131
Shandong Nuoman Engineering & Machinery Co., Ltd.|D1020
Shandong Plat4m Industries Co., Ltd.|D1105
Shandong Prior Gear Machinery Manufacture Co., Ltd.|S83415
Shandong Rippa Machinery Group Co., Ltd.|D1130
Shandong Sun Wearparts Co., Ltd.|C22728
Shandong Top Machinery Equipment Co., Ltd.|S63441
Shandong Useen Casting Co., Ltd.|N13362
Shandong Vanse Machinery Technology Co., Ltd.|P8537
Shandong Victory Equipment Co., Ltd.|S84313
Shandong Yikaide Hydraulic Co., Ltd.|S83413
Shandong Zohen Industrial Co., Ltd.|S84018
Shanghai Dunke Machinery Co., Ltd.|S83646
Shanghai Electric Hydraulics & Pneumatics Co., Ltd.|C22731
Shanghai Everspring Filtration Technology Co., Ltd.|N10679
Shanghai Guorui Hydraulic Technology Co., Ltd.|S81206
Shanghai HuaXiang Rubber Track Co., Ltd.|N12377
Shanghai Jingchuan Electron and Technology Co., Ltd.|S84206
Shanghai Jingrui Lighting Co., Ltd.|N10317
Shanghai Junwei Wire Rope & Sling Co., Ltd.|N13149
Shanghai LXSSZ Science and Technology Center|N10031
Shanghai Ransun Heavy Industry Technology Co., Ltd.|N13051
Shanghai Smart Control Co., Ltd.|N12277
Shanghai Syking Industry Technical Co., Ltd.|N13157
Shanghai XZT Fuild Technology Co., Ltd.|S83948
Shanghai Yifeng International Trading Co., Ltd.|S83855
Shanxi Sipurui Machinery Manufacture Co., Ltd.|S83358
Shaoxing HI-TEC Machinery Co., Ltd.|S84319
Shaoxing Meili Precision Spring Co., Ltd.|N10146
Sharon Tube|S84141
Sharpgrade|N11939
ShearCore|C31850
Shell Lubricant Solutions|N12535
Shenyang YYD New Material Co.,Ltd|N10010
Shenzhen Coming Technology Co., Ltd.|S63555
Shenzhen U-Man Industrial Co., Ltd.|S83857
Sherwin-Williams Company (The)|WL20800
SHIELDS Windshields|N11067
Shijiazhuang Hanjiu Technology Co., Ltd.|S84321
Show Store - Festival Lot|F56000
Show Store - Grand Lobby|GL10500
Show Store - West Hall|WL100
Shred-Tech Corporation|C23022
Shuttlelift|F42078
SIBO S.R.L.|SL80030
Sibom Industry|W44513
Sichuan Mighty Machinery Co., Ltd.|S84142
Sichuan Y&J Industries Co., Ltd.|S80040
SICK, Inc|D1120
Sicoma North America|C32686
Sidump'r Trailer Co.|S61535
Sigalarm|N10663
Sigma Powertrain|S84120
Signature Systems|N11163
Sika Corporation|C20428
SIKO Products Inc.|S83328
Silos Pros|C32887
SIMEX|W43444
Simplicity|SV2357
Simpson Cleaning, A Div of FNA Group|N12503
Sioux Corporation|C30118
Sirius Light Technology Co., Ltd.|N10012
Siroco HVAC|S81740
Site 20/20|C30078
SiteBoss GPS|N10715
Sittab Inc.|W42545
SKF Lincoln|N10362
SKS Hydraulic Technology Co., Ltd.|S82607
Skyjack|F42054
Skyline Dredging & Excavating Inc|D1113
Slabstack Software Inc.|N12573
Slatercom Lighting Solutions|N10215
SlewMaster INC|S63552
Slide Sledge|N12072
SMC Corporation of America|S83807
SMH Group|F45028
Smico Manufacturing Company LLC|C30183
Smiley Monroe|C32562
SmithCo Side-Dump Trailers|P7947
SMSCC (Tianjin) CNC Tools Co., Ltd.|S63443
SMT - MASTA|S84422
SMW Manufacturing, an Amsted Automotive company|N11976
Socage North America Llc|N12924
Sodex Innovations|C32106
SoilFLO|N11754
SoilFreeze, Inc|S63214
Soilmec North America, Inc.|P7941
Solar Technology Inc|N12663
Solomon Colors|C31658
Sonetics|N11963
SOOSAN CEBOTICS CO., LTD|W44145
Soucy Track Systems|W42561
Southbelt Repair and Supply Inc.|SV3107
SPAL Automotive USA|S80604
Spartan Composites, LLC|N10063
Spaulding Composites (Qingdao) Co., Ltd.|N10150
Special Mine Services, Inc.|S62323
Specialized Heavy Transport|S63115
Specialty Saw Inc.|S83656
Specsys Manufacturing|S82246
Speed of Light Optics|C22633
Speedshield Technologies|N11747
Spider by BrandSafway|N10627
SPRAYSTREAM|N13035
Springer Controls Company Inc.|N10348
Spydercrane|F40084
SRJ Inc|W42307
Srons Engineer Private Limited|S62552
SRP Sadid Otomotiv A.S.|S82512
SSAB HARDOX STRENX|C20068
Staad BV|D1040
Stabilus|S80047
Stack Construction Technologies|N10345
Standard Resource Inc.|C32006
Standex Electronics Detect|S83147
Standfast TRAM|C22110
Stansteel-Hotmix Parts|C32275
Static Equipment Display A|F71000
Static Equipment Display B|F58000
Static Equipment Display D|WL15000
Static Equipment Display F|SV4500
Static Equipment Display H|S60000
Static Equipment Display I|P7000
Static Equipment Display J|SL69200
Static Equipment Display K|P8900
Static Equipment Display L|P7100
Static Equipment Display M|P7300
Stauff Corporation|S83345
Stealth Equipment Inc|D1260
Stedman Machine Company|C32332
Steelwrist Inc.|F15026
Steffes Auctioneers|N11215
STEINBAUER Engineering|N10135
Stellar Industries Inc|S61822
Stephens Manufacturing|SV2003
Stertil-Koni USA|N11167
Stiebel Drive Technology Inc|S83018
STONEX USA Inc.|W41673
Stonkam Co., Ltd.|N10251
Stormwater Solutions|GL20803
Strayos|N10527
STRICKLAND IRELAND|C22233
Stronger Hydraulics|S64611
STROS – Sedlčanské strojírny a.s. & Ucel Inc.|D1253
Stucchi, Inc.|S83652
Studson|C22510
STW Technic LP|S82633
SubHQ|N10235
SubSurface Instruments, Inc.|S64323
SUCO ESI North America|S83620
Suitou International Co., Pte. Ltd.|S80044
Sullivan-Palatek Compressors|S61334
Summit Group|N12845
Summit Truck Equipment|S62823
Sun Hydraulics|S81729
Suncor Stainless|N11470
SunFire Radiant Heaters|C30034
SungJi Hydraulics Co., Ltd.|S63100
Sunnen Products Company|S83253
Sunord Mining Machinery Co., Ltd.|C22522
SunSource|S81252
Sunward Intelligent Equipment Co., Ltd.|W43206
Sunwill Machinery Co., Ltd.|C31909
Super Products|W41901
Superabrasive, Inc.|C30158
Superior Broom Manufacturing Inc|C30989
Superior Glove Works Ltd|C30056
Superior Industries|SV2374
Superior Signals, Inc|N12103
Superior Tire & Rubber Corporation|W41544
Superlee Corporation|N12571
Surestrike International, Inc.|C30938
Surface Systems & Instruments Inc.|W43071
Suzhou Eurona Technology Co., Ltd.|N13277
Suzhou Fubang Machinery Chain Transmission Manufacture Co., Ltd.|N10217
SVAB|N10163
Swafly Machinery Co., Ltd.|S84057
Swaploader USA Ltd (An EFCO Company)|S61034
SWECO|C32786
Swedish Lorry Parts AB|S81456
Sweeprite Mfg Inc|C30062
Sy-Klone International|N10073
Syntron Material Handling|C20637
Sysdyne Technologies|N12363
T-Lon Products Inc|S83928
T3 - Built By EquipmentShare|N12934
Tadano America Corporation|F47010
Taian Nolanse Import Export Co., Ltd.|S83411
Taiwan Fluid Power Association|C23134
Taizhou Durabelt Co. Ltd.|C32008
Taizhou Eternal Hydraulic Machine Co., Ltd.|S83200
Taizhou FNC Machinery Co., Ltd.|SL80013
Taizhou Saiyi Hydraulic Machinery Co., Ltd.|N12770
Taizhou Xsin Electronic Co., Ltd.|S83917
Tajima Tool Corporation|C33056
Takeuchi|W43721
Talbert Manufacturing Inc|P8349
Tandem Products Inc/Rhino Hyde Division|N11263
Tanguay Machinery|SV3109
TASSCO|C22106
Taylor Pump & Lift Co Inc|S63423
TBEI Inc (Truck Bodies & Equipment International)|S60358
TC Recycling|C33032
TCI Manufacturing|C20058
Teamco|S64135
TecFluid Srl|S83523
Techflex|S83445
Techgong (Shanghai) International Trading Co., Ltd.|S63544
Techking Tires Limited|N10815
Techni-Glass LLC|N12073
TecnoGen USA|S61111
Tectron Metal Detectors|C30996
Tecweigh-Tecnetics Industries|C30124
TEI Rock Drills|S61135
Tele Radio America LLC|S63559
Teledyne Construction|W40065
Teletrac Navman|N11145
TEMA ISENMANN, INC.|C20227
Temposonics, an Amphenol Company|S83232
Tenna|N11527
Tenstar Simulation AB|W42760
Teran Industries|W42567
Terex|SV2357
TEREX Comedil|F18012
Terracon Ltd|C22233
Terramac|F14157
Tesab Engineering|SV2001
Tesmec USA Inc|W41145
Teufelberger Seil Ges.m.b.H.|N10252
TEXA USA Inc|N11155
Texas Hydraulics Inc|S81007
Texas Pride Trailers|S64113
The Clamp Company|S63646
The Concrete Industry Management (CIM) Program|WL13016
The Construction Link, Inc.|N10418
The Conveyor Shop|C22312
The Lanco Group of Companies|F46010
The Manitowoc Company, Inc.|F39029
The Morey Corporation|N10941
The Tire Grabber|N11151
The Western Group|C30841
Thermal Intelligence|S64610
Thomas Group|S82133
Thompson Pump & Manufacturing Co.|C20466
Thor Global Enterprises Ltd.|SV2018
Thunder Creek Equipment|S61935
Tianjin Luckcome Mechanical Equipment Manufacturing Co., Ltd.|C22112
Tianjin Santroll Electric Technology Co., Ltd.|S81906
Tianjin Shanxing Metal Products Co., Ltd.|N10316
Tianjin Yinfeng Machinery System Engineering Co., Ltd.|N10013
Tifco Industries|S83353
Tigercat Industries Inc|P7751
TII SCHEUERLE|S63200
Tingley|D1124
Titan Diamond USA|C30899
TKA Cranes|D1241
Toku America, Inc.|C32242
Tompkins Industries Inc|S83352
Tons Per Hour Inc|C22212
ToolWatch|N10420
Top Drill Co., Ltd.|S60154
Top Quality Auto Electric Products Co., Ltd.|S82155
Topcon Positioning Systems, Inc.|W42921
Topy America Inc.|N12763
TorcUP|N10402
TorsionX / Extreme Bolting Force|N12075
Tough Commerce|C22210
Tough Seats|N10227
Towmaster Trailers|S64423
Tracked Lifts Inc|D1131
Trackless Vehicles Ltd|S60358
Tracks N Teeth|N10340
Trackunit|N12707
Tractics|N11051
Traction Engineering Parts Co., Ltd.|S81750
TrafFix Devices Inc|C20647
Trail King Industries Inc|P7445
Trans Lease Inc.|N10208
Transfer Oil|S83211
Transfluid LLC|S82533
TransTech Systems Inc.|C32468
Tread Technologies Inc|N10667
Trek, Inc.|W43200
Trelleborg Sealing Solutions|S82506
Trelleborg Tires|W40167
Trevi Benne SPA|W42559
Triad Diagnostic Solutions|N11846
Tricon Wear Solutions|C22009
Trident Industrial Tires & Tracks LLP|N11141
Trim-Lok, Inc.|N10321
Trimble, Inc.|W40420
Trime US, Inc.|S64235
TRIP A National Transportation Research Nonprofit|SL60025
Triple Crown Products, Inc.|C20471
Triple Crown Products, Inc.|C20272
Troxler Electronic Laboratories Inc|C20142
Truck-Lite, a Clarience Technologies company|S63513
True Survey Supply, Inc.|W41454
Trusted A/S|P8301
TRUVAC|S60358
Trux|N11370
Tsurumi Pump|C20706
TT Technologies Inc|S61123
Turbo Precleaner|S81257
Turkish Construction Equipment Association|GL31201
Turnstone/Ecobase|C30171
Turntide Technologies|S83247
Tuson Corporation|N10477
TVH Parts Co.|W41435
TW Products|N10141
TWF International GmbH|P8147
TWG, A Dover Company|N11727
Twin Disc Inc|S81707
Twinkle Co|W41449
Ty Cushion Tire|W41158
TYMCO Inc|C32668
TYRI Lights|N11540
UB Equipment LLC|N11414
Ultra Clean Technologies Corp|S81953
Ultra Seat Corporation|W41450
UMP Tech|C32108
Underground Magnetics Inc.|S63546
Unibor|N11271
Unified Screening & Crushing|C30014
Unique Paving Materials Corp.|C32069
United Equipment Accessories|S81641
United Mechanical Technology (Thailand) Co., Ltd.|S84153
United Rotary Brush Corporation|C30265
United Safety and Survivability Corp|S64401
United Soybean Board|C32010
United Tyrekrafts Pvt. Ltd.|S83346
Unity Fuel Solutions, Inc.|S63413
Universal Matter Inc|C33058
UPequip|D1141
Uranie International|S82257
US Fleet Tracking|N12373
US Radar Inc|S60334
V-Track by Velocitor Solutions|N10319
Vacall|W41901
Vactor Manufacturing|S60358
Vacuworx Global, LLC|N12162
Vale Industries|N11515
Valew Quality Truck Bodies|S61347
Valley Blades Limited|W40255
Valvole America LLC|S82955
Van Beest USA LLC|N10355
Van Tongeren America|C33060
Vanair Manufacturing, LLC, A Lincoln Electric Company|P8449
VDG (Van der Graaf)|S81229
Vectis Automation|N11854
Vector Companies|N10167
Vector Performance|S63322
Vectorply Corporation|N10130
Veethree Group/Rochester Sensors|S83932
VEGA Americas, Inc.|S82207
Veloci Performance Products|N12977
Venco Venturo Industries LLC|N12906
Verax Chemical Company|N10155
Verdegro USA LLC|C22610
Verifi®|N13015
Veristart Technologies Inc|N10573
Verizon Connect|N10435
Vermeer Corporation|S61422
Verope USA|N12273
VersaTran|S61846
VersaTran|W44228
Vertikal Press Ltd|WL14034
VF Venieri S.p.A|W43169
VIA Technologies, Inc.|N12935
VIBCO Vibrators|C32003
VIBCO Vibrators|N13234
Vibrotech Inc|C32550
Vince Hagan Company|SV2035
Virnig Manufacturing Inc|W43406
VIS Hydraulics North America|S84028
Visionaire, Inc.|N10129
Vispect Tech. (Zhejiang) Co., Ltd.|N10376
Visual Marking Systems Inc|N10226
Vita Industrial|D1109
Vitillo Spa/Vitillo USA|S82653
VMAC Global Technology Inc.|S62331
VMI Dredges & Amphibious Excavators|W42551
Vogelsang Fastener Solutions|S83545
Volanti Displays|N10244
Volvo Construction Equipment North America LLC|F24029
Volvo Penta|S80215
Vosker Security|N10133
Wacker Neuson|W43701
Walvoil Fluid Power|S82440
WAM USA|C22718
Wanco Inc.|C32694
Wanghai Group Co., Ltd.|N13364
Warrior USA LLC|S63323
WAS AUTOMOTIVE LIGHTING MANUFACTURER|D1019
Washout Watchdog|C30845
WASSERTEK LTD., CANADA|S63642
Wastewater Digest|GL20803
Water Diversion, LLC dba Portadam|F50028
WaterWorld|GL20803
Watson Drill Rigs|P7638
Waytek|S83241
WearKraft|C33074
Weber MT Inc|W44111
Webster Combustion Technology|C32456
WEG|C22705
Weihai GJ Engineering Machinery Co., Ltd.|C22528
Weihai Zhongyi Hydraulic Technology Co., Ltd.|S84013
WEILER|C32302
Weir - ESCO Division|W41615
Weldco-Beales Mfg.|N13176
Wenzhou Chezhou Automobile Parts Co., Ltd.|S84418
Wenzhou Hanhao Electronics Technology Co., Ltd.|S84052
Wenzhou Juelong Auto Parts Co., Ltd.|N10216
Wenzhou Ouchai Technology Co., Ltd.|S83958
Wenzhou Weilasi Filter Technology Co., Ltd.|N13076
Wenzhou Xinlixin Electronic Technology Co., Ltd.|S63445
Werewolf Parts|S63639
Werk-Brau Company Inc|F30065
Western Global|S63735
Western Poly Pipe|S63212
Wetherell Manufacturing|S82157
Whelen Engineering Co Inc|C30858
Whitman Controls LLC, Thomas Products LLC|S63111
WIKA Mobile Control, LP|N11063
Will-Burt|S63541
Williams Form Engineering|S63422
Winbull Yamaguchi Corporation|S62317
WingFan|S84032
Wingtra|N11946
Winner Hydraulics Corporation|S83331
Wipro Enterprises Inc.|P7227
WireCo|N10519
Witzco Challenger Trailers Inc.|S63058
Wolf Americas|C20038
Women of Asphalt|GL12598
Woodcracker North America|P8106
Wooster Hydrostatics Inc|S83420
WORD Rock Drills|W44220
Worksaver Inc|W43065
World Diamond Source|C20118
World Fuel|N11432
WORLD GASKET ELLEGI|S84410
World of Concrete|GL30303
World Wide Fittings Corporation|S83829
World Wide Metric|S82016
Worldwide Drilling Resource|GL31010
WPT Power Corporation|S82418
WTC Machinery LLC|N11873
Wuhan Squirrel Construction Machinery Co., Ltd.|S80048
Wuhu Guangyuan Hydraulic Technology Co., Ltd.|N13279
Wurth Electronics ICS|S82429
Wuxi Coagent International Trade Co., Ltd.|S84420
Wuxi Easton Industrial Automation Co., Ltd.|N10015
Wuxi Fangsheng Heat Exchanger Corp., Ltd.|S82055
Wuxi Grandtec Rock Drilling Machinery Co., Ltd.|C22833
Wuxi Guanyun Heat Exchanger Co., Ltd.|P7230
Wuxi Jialong Heat Exchanger Stock Company Ltd.|S82059
Wuxi Pinghao Electromechanical Co., Ltd.|S63455
Wuxi PRD New Energy Technology Co., Ltd.|S62510
XCAL TOOLS|C20267
Xiamen Globe Machine Co., Ltd.|N10220
Xiamen SDTZ Bearing Co., Ltd.|S80052
Xiamen Trimawin Machinery Co., Ltd.|S83515
Xiamen Winsum Machinery Co., Ltd.|N13378
Xiamen Yintai Machinery Co., Ltd.|C22829
Xpanner Inc.|N11739
Xtreme Manufacturing|F46029
Xuzhou Bonovo Machinery & Equipment Co., Ltd.|N11131
XUZHOU Construction Machinery Group|F33005
Xuzhou Fangen Construction Machinery Co., Ltd.|N10008
Xuzhou Global Precision Steel Tube Co., Ltd.|S84054
Xuzhou Jiufa Construction Machinery Co., Ltd.|N10315
Xuzhou Wanda Slewing Bearing Co., Ltd.|C22628
Xuzhou Xinrun Intelligence Technology Co., Ltd.|C22632
Xylem|C32432
Yachoo Technology Co., Ltd.|N10509
Yanggu Haoquan Rock Tools Co., Ltd.|S63447
Yangzhou Gaosheng Machinery Co., Ltd.|N10115
Yanmar Compact Equipment North America|W43221
Yantai Carhart Manufacturing Co., Ltd.|N10108
Yantai Dongheng Machinery Co. Ltd.|N13266
Yantai Donghong Construction Machinery Co., Ltd.|N10148
Yantai Eddie Precision Machinery Co., Ltd.|W43967
Yantai Everlead Machinery Equipment Co., Ltd.|N10120
Yantai Homon Import & Export Co., Ltd.|N10009
Yantai Jiangtu Mechanical Equipment Co., Ltd.|C33096
Yantai Jiwei Construction Machinery Equipment Co., Ltd.|C22113
Yantai Weixiang Building Engineering Machinery Equipment Co., Ltd.|N10312
Yantai Xinhe Industrial Equipment Co., Ltd.|N10035
Yantai Yigao Precision Machinery Co., Ltd.|N13140
YARDZ|N10529
Yilgenci|C33064
Yishui Zhongxin Machinery Co., Ltd.|S83407
Yoder & Frey Auctioneers|N12818
Yokohama|W40167
Youlushanglai Fluid Technology (Shanghai) Co., Ltd.|S80050
Yuatsuseiki Hydraulic Industrial Co., Ltd.|S83832
Yuhuan Maixunli Electron Machinery Co., Ltd.|S83314
Yuhuan Xinyuanchang Machinery Co., Ltd.|S84058
Yuvraj Overseas Pvt. Ltd.|S84015
Zaozhuang Tianyi Industry Co., Ltd.|S84051
Zapi Group|S83617
ZC Rubber America, Inc.|N11041
ZCC America|S60803
ZEIUSA|S60152
ZERUST Corrosion & Cleaning Solutions|N10416
ZF Group|S81717
Zhangjiagang Free Zone Yonda Machinery Co., Ltd.|S62900
Zhejiang A-Star Cooling Systems Co., Ltd.|S83951
Zhejiang Boesion PT Tech Co., Ltd.|N13270
Zhejiang CBR Electric Co., Ltd.|SL80019
Zhejiang Dingli Machinery Co., Ltd.|F20033
Zhejiang Fantian Foundry & Trading Co., Ltd.|N13173
Zhejiang Fitting Machinery Co., Ltd.|S83749
Zhejiang Guangli Construction Machinery Co., Ltd.|S80053
Zhejiang Gujia Auto Parts Co., Ltd.|N13155
Zhejiang Headman Fitration Technology Co., Ltd.|N10530
Zhejiang Hengzhan Machinery Co., Ltd.|N10579
Zhejiang Huasheng Metal Products Co., Ltd.|C20268
Zhejiang Ideal Bell Technology Co., Ltd.|N10219
Zhejiang J.B Auto Parts Co., Ltd.|S83956
Zhejiang Jingjiu Bearings Industrial Co., Ltd.|S83859
Zhejiang Jiuyun Auto Parts Co., Ltd.|S62554
Zhejiang Jiwang Forging Technology Co., Ltd.|C22733
Zhejiang Lifeng Machinery Parts Co., Ltd.|N13172
Zhejiang Master Fittings Co., Ltd.|S83458
Zhejiang Microlift Co., Ltd.|N13073
Zhejiang Minghe Steel Pipe Co., Ltd.|S63001
Zhejiang Pioneer Transmission Technology Co., Ltd.|S64713
Zhejiang Santian Filter Co., Ltd.|S83514
Zhejiang Senstren Technology Co., Ltd.|N11019
Zhejiang Shengda Machinery Co., Ltd.|C22013
Zhejiang Songqiao Pneumatic And Hydraulic Co., Ltd.|S84046
Zhejiang Weilin Mechanical Co., Ltd.|S80054
Zhejiang Xingxiang Machinery Co., Ltd.|N10779
Zhejiang Yixun Machinery Co., Ltd.|N10218
Zhejiang Yongan Construction Machinery Co., Ltd.|S63742
Zhejiang Yunzhou Technology Co., Ltd.|N10113
Zhejiang Zhanpeng Hydraulic Technology Co., Ltd.|S84152
Zhejiang Zhenhang Industrial Group Co., Ltd.|N13276
Zhenjiang Hydraulics Co., Ltd.|S84146
Zhenjiang Tonly Rubber Co., Ltd.|N12902
Zhuzhou Kingtal Cemented Carbide Co., Ltd.|S63542
Zimmerman Industries Inc|C31586
Zip's Truck Equipment Inc.|C31633
ZIPLEVEL/Technidea Corporation|N10434
ZMac Transportation Solutions|P7332
Zoomlion Heavy Industry|F42027
ZT Logistics|N11578
